Site address,Owner/Developer,Tenure type,Site capacity,Site status,Year 24/25,Year 25/26,Year 26/27,Year 27/28
Queen Victoria Works,Private,Private,50,Constrained,0,0,0,0
"Riverside Drive, Former Homebase Site",H & H Properties Ltd,Private,135,Under Construction,0,0,25,25
"Monifieth Road, Armitstead",H & H Properties Ltd,Private,26,Under Construction,26,0,0,0
"Gray Street, 44",Deanscourt Ltd,Private,14,Site Complete,0,0,0,0
"East School Road, Former Downfield Ps",H & H Properties Ltd,Private,23,Under Construction,0,23,0,0
"St Leonard Place, Former Macalpine Ps",H & H Properties Ltd,Private,33,Under Construction,1,0,0,0
"Dura Street, 3",Whittet Ltd,Private,8,Planning Consent,0,0,8,0
Seagate/Trades Lane,Hillcrest Ha,RSL,28,Under Construction,28,0,0,0
"Earn Crescent, Land At",Dundee City Council,Private,20,Constrained,0,0,0,0
"Hebrides Drive West, Mom-Phase 4",Dundee City Council,Private,10,Allocated in LDP,0,0,0,0
"Pitkerro Road, 189-197",Home Scotland,RSL,29,Site Complete,0,0,0,0
"Bughties Road, 22",Private,Private,1,Under Construction,0,0,0,0
"West Grove Avenue,10",Private,Private,1,Under Construction,0,0,0,0
"Clatto, Land At",Scottish Water,Private,60,Constrained,0,0,0,20
"Kirkton Road, Former St Columbas Ps",H & H Properties Ltd,Private,21,Under Construction,10,11,0,0
Pitkerro Mill,South Tay Ltd,Private,6,Under Construction,6,0,0,0
"Western Gateway, South Gray",Springfield,Private,341,Under Construction,0,40,40,60
"Western Gateway, Swallow",Springfield,Private,230,Under Construction,24,0,0,0
"Linlathen House, Land To East Of",Private,Private,60,Constrained,0,0,0,0
Dundee Western Liff Phase 2,Springfield,Private,100,Under Construction,0,24,36,26
"Gardyne Road, Winnocks, 1",Private,Private,7,Site Complete,0,0,0,0
"Collingwood Crescent, 20, Land To West Of",Private,Private,1,Under Construction,0,0,0,0
"Dudhope Terrace, 7",Private,Private,1,Consent Expired,0,0,0,0
"Monifieth Road, 96",Private,Private,1,Under Construction,0,0,0,0
"Brook Street, 197, 2/2, Broughty Ferry",Private,Private,1,Planning Consent,0,0,0,0
"Dundee Road, Holly Hill, 69",Private,Private,1,Planning Consent,0,0,0,0
"Derby Street, Former Multis",Dcc/Hillcrest,DCC/RSL,162,Under Construction,26,0,0,0
"Monifieth Road, 92A",Private,Private,2,Under Construction,0,0,0,0
"Glamis Road, 28A",Private,Private,1,Planning Consent,0,0,0,0
"Harefield Road, 16, Land To East Of",Private,Private,1,Planning Consent,0,0,0,0
"Gibson Terrace, 3, Land East Of",Private,Private,1,Under Construction,0,0,0,0
"Princes Street, 161",Private,Private,3,Under Construction,0,0,0,0
"Morgan Street, Taybank Works Ph 2",Caledonia Ha,RSL,37,Planning Consent,0,37,0,0
"Arbroath Road, North Grange Farm",Private,Private,1,Planning Consent,0,0,0,0
"South Road, Former Lochee Ps",H & H Properties Ltd,Private,39,Planning Consent,0,30,9,0
"Rannoch Road, Former Lawside Academy",Dundee City Council,Private,70,Allocated in LDP,0,0,0,0
"Greenmarket, Former Railyards *",Scottish Enterprise,TBC,110,Allocated in LDP,0,0,0,50
"Maxwelltown, Former Multis",Dundee City Council,TBC,30,Allocated in LDP,0,0,0,0
Princes Street,Dundee City Council,Private,20,Constrained,0,0,0,0
"Hebrides Drive North East, Mom-Phase 4",Home Scotland,RSL,17,Planning Consent,0,17,0,0
"Hebrides Drive South East, Mom-Phase 4)",Home Scotland,RSL,31,Planning Consent,0,31,0,0
"Ballochmyle Drive, Former Mossgiel Psc Phase 2",Dundee City Council,RSL,30,Allocated in LDP,0,15,15,0
"Lothian Crescent, Former Whitfield Shopping Centre",Dundee City Council,Private/RSL,30,Allocated in LDP,0,0,0,30
Lothian Crescent,Dundee City Council,RSL,15,Constrained,0,0,0,0
Tranent Grove,Dundee City Council,Private,53,Allocated in LDP,0,0,22,31
"Barns Of Claverhouse Road, Mom Phase 4",Dundee City Council,Private,12,Planning Consent,0,0,0,0
"Lothian Crescent, Bowling Green East",Dundee City Council,Private,30,Allocated in LDP,0,0,15,15
"Drumgeith Road, Kellyfield",Dundee City Council,TBC,100,Allocated in LDP,0,0,0,0
"Etive Gardens, Former Gowriehill Ps",Dundee City Council,RSL,35,Allocated in LDP,0,0,35,0
"Denoon Terrace, Former Hillside Ps",Dundee City Council,TBC,45,Allocated in LDP,0,15,30,0
"High Street, Lochee, Former St Marys Infant School",Dundee City Council,TBC,10,Allocated in LDP,0,10,0,0
"Burn Street, Former Baldragon Academy",Dundee City Council,TBC,70,Allocated in LDP,0,0,0,35
"Dykes Of Gray, North West",Springfield,Private,250,Allocated in LDP,0,0,0,0
"Western Gateway, Liff",Nhs,Private,30,Allocated in LDP,0,0,0,0
"Dykes Of Gray, North East",Springfield,Private,215,Allocated in LDP,0,0,24,36
Baldragon Farm,Avant Homes,Private,120,Under Construction,36,36,2,0
"Ballumbie Road, Land To East Of - Phase 2",Stewart Milne,Private,150,Planning Consent,0,24,24,24
"Strathyre Avenue, Land To East Of",Private,Private,26,Constrained,0,0,0,0
Lochee District Centre,Hillcrest Ha,RSL,40,Allocated in LDP,0,0,20,20
Central Waterfront *,Dundee City Council,Mixed,276,Allocated in LDP,0,0,0,0
Quarry Gardens,Dundee City Council,Private,18,Planning Consent,0,0,0,0
Aberlady Crescent Phase 3B/4,Dj Laing,Private,34,Under Construction,3,-3,0,0
"Perth Road, 474, Land To East Of Coach House",Private,Private,1,Site Complete,0,0,0,0
Haddington Avenue (Phase 1),Merchant/Home Scotland,Private/RSL,13,Site Complete,0,0,0,0
"Coldside Road, Land South Of",Caledonia Ha,RSL,30,Under Construction,10,0,0,0
Lauderdale Avenue,Invertay Homes,Private,27,Under Construction,1,0,0,0
"Albert Square, 21",Private,Private,2,Site Complete,0,0,0,0
"River Crescent, Garden Ground West Of Burnside",Private,Private,1,Site Complete,0,0,0,0
Langlands Street,Hillcrest Ha,RSL,16,Under Construction,16,0,0,0
"Guthrie Street, The Old Mill",Ramsay Properties Ltd,Private,17,Under Construction,17,0,0,0
Thorter Loan/South Victoria Dock Road,Hillcrest Ha,RSL,119,Under Construction,53,0,0,0
Ellengowan Drive,Hillcrest Ha,RSL,130,Under Construction,60,0,0,0
"Arbroath Road, Linlathen",Kirkwood Homes,Private,250,Under Construction,26,0,0,0
"Murraygate, 11-23",Hillcrest Ha,RSL,31,Under Construction,31,0,0,0
Liff Hospital,Miller Homes,Private,54,Site Complete,0,0,0,0
Pitkerro Mill,Dewlor Developments,Private,2,Site Complete,0,0,0,0
"Kingsway East, Former Stewart House",Persimmon Homes,Private,71,Under Construction,36,35,0,0
"Buttars Loan, Site To The East",Green Pads Ltd,Private,8,Under Construction,4,4,0,0
"Rockfield Crescent, 7, Land To North",Private,Private,1,Planning Consent,0,0,0,0
Summerfield Gardens North,Invertay Homes,Private,43,Site Complete,0,0,0,0
"East School Road, Downfield House",Aberkell Developments,Private,14,Under Construction,10,0,0,0
"Dock Street, Harbour Chambers / Customs House",Alicydon Ltd,Private,49,Under Construction,0,0,0,20
"Constable Street, Lower Dens Works, Block G",Stables Development Llp,Private,24,Consent Expired,0,24,0,0
"Brown Street, 75/77, Broughty Ferry",Private,Private,2,Planning Consent,0,0,0,0
"Victoria Road, 10,G1 Victoria Chambers",Tayside Property Management,Private,1,Under Construction,0,0,0,0
"Murraygate, 39, 1/0",Casa Fresa Holdings Llp,Private,3,Under Construction,0,0,0,0
"Hilltown, 245",Private,Private,1,Consent Expired,0,0,0,0
"Commercial Street, 84, 2/1",Cardross Estates,Private,1,Consent Expired,0,0,0,0
"Pitkerro Road, 114-116, Land At",Angus Ha,RSL,21,Under Construction,21,0,0,0
"Caenlochan Road, 4",Private,Private,1,Under Construction,0,0,0,0
"Murrayfield Place, Murrayfield Drive, Whitfield Avenue",Dundee City Council,Local Authority,42,Planning Consent,0,22,20,0
"West Bell Street, 1A",Private,Private,3,Consent Expired,0,0,0,0
"Tannadice Street - 28-30, Court Street - 32",Arb Properties,Private,7,Consent Expired,0,0,7,0
"Dalkeith Road, 69",Marvend Ltd,Private,4,Under Construction,0,4,0,0
"Douglas Terrace, 12",Private,Private,1,Site Complete,0,0,0,0
"Dalkeith Road, 57",Private,Private,8,Planning Consent,0,8,0,0
"Liff Place, Brownhill Place. Sites 1 & 2",Blackwood Homes & Care,RSL,23,Under Construction,10,13,0,0
"Gourdie Place, Gourdie Crescent, Land At. Sites 3 & 4",Blackwood Homes & Care,RSL,22,Under Construction,10,12,0,0
"Buttars Road, Land To South. Sites 5 & 6",Blackwood Homes & Care,RSL,9,Under Construction,9,0,0,0
"Pitkerro Road, North Of, Longhaugh Road, East Of",Longhaugh Developments Ltd,Private,14,Under Construction,2,0,0,0
"Monifieth Road, 69, Stonelee Guest House",Private,Private,1,Under Construction,0,0,0,0
"Victoria Road, 1, Broughty Ferry",Private,Private,3,Consent Expired,0,0,0,0
"Albany Road, 39A",Private,Private,2,Site Complete,0,0,0,0
"Gellatly Street, 3",Mcgill (Dock Street) Ltd,Private,49,Under Construction,0,49,0,0
Pitkerro Mill,A&G Properties,Private,2,Under Construction,0,0,0,0
"Symers Street, Land To East Of 6",Private,Private,1,Planning Consent,0,0,0,0
"Fairfield Road, 10",West Developments (Scotland) Ltd,Private,4,Under Construction,4,0,0,0
"Fairfield Road, 10",West Developments (Scotland) Ltd,Private,2,Site Complete,0,0,0,0
"Adelaide Place, Bowling Green, Land To West",Private,Private,1,Planning Consent,0,0,0,0
"Erskine Street, 20",Private,Private,1,Consent Expired,0,0,0,0
"Albany Road, 50, Garden Ground To South",Private,Private,1,Planning Consent,0,0,0,0
"Springhill, 13",Private,Private,1,Under Construction,0,0,0,0
"Dudhope Terrace, 9",Private,Private,1,Under Construction,0,0,0,0
"Nethergate, 138, Basement",Private,Private,1,Under Construction,0,0,0,0
"Soapwork Lane, Soapwork Lane House",Hillcrest Ha,RSL,15,Site Complete,0,0,0,0
"Americanmuir Road, 38, Garden Ground",Private,Private,1,Planning Consent,0,0,0,0
"Dykes Of Gray, Braeside",Private,Private,1,Site Complete,0,0,0,0
"North Grange Farm, Land To East Of Farmhouse",Private,Private,1,Site Complete,0,0,0,0
"Springfield, 8, G/0",Private,Private,2,Planning Consent,0,0,0,0
"Frederick Street, 45, Garden Ground",Private,Private,1,Planning Consent,0,0,0,0
"North Street, 40",Private,Private,1,Planning Consent,0,0,0,0
"Reform Street, 51, Mf Space",Private,Private,4,Planning Consent,4,0,0,0
"Reform Street, 51, 2/2, Cafe",Private,Private,1,Planning Consent,0,0,0,0
"Southampton Road, Former Craigie House, Land At",Dundee City Council,Local Authority,1,Site Complete,0,0,0,0
"Strathern Road, 140",Private,Private,1,Planning Consent,0,0,0,0
"Balgowan Drive, 7",Private,Private,1,Planning Consent,0,0,0,0
"South Tay Street, 28, Ground & Basement",Rd Developments Ltd,Private,2,Site Complete,0,0,0,0
"Coupar Angus Road, 40, Site Of Former Hotel",Redwood Birkhill Limited,RSL,18,Under Construction,18,0,0,0
"Perth Road, 329, Fernbrae Hospital",S1 West Ltd,Private,22,Planning Consent,0,10,12,0
"Balgillo Road, 157, Land South",Private,Private,1,Planning Consent,0,0,0,0
Tranent Grove,Discovery Homes Ltd,Private,17,Planning Consent,0,17,0,0
"Brownhill Place, Brownhill Street. Site 7",Blackwood Homes & Care,RSL,12,Under Construction,12,0,0,0
Land At Former Tay Rope Works Magdalen Yard Road,F & H Developments,Private,9,Under Construction,9,0,0,0
Land To East Of 247 Blackness Road,Dundee City Council,RSL,24,Planning Consent,0,12,12,0
Site Of Former Factory Ballindean Road,Cullross Ltd/Caledonia Ha/Boc Ltd,Mixed,67,Under Construction,55,12,0,0
"Nicoll Street, 6",Private,Private,10,Planning Consent,0,10,0,0
Site Of Former James Keiller Buildings 32 - 34 Mains Loan,Barratt North Scotland/Marketgait Developments,Private,223,Under Construction,52,52,52,40
"Burnside Street, 55",Hillcrest Ha,RSL,54,Planning Consent,0,0,54,0
Land At Former Rosebank Primary School,Discovery Homes Ltd,TBC,40,Under Construction,16,16,0,0
"Forthill Road, 10",Private,Private,1,Planning Consent,0,0,0,0
"Buchanan Street, Electric Sub-Station",Private,TBC,14,Site Complete,0,0,14,0
"Ellislea Road, 9, Garden Ground",Private,Private,1,Under Construction,0,0,0,0
"Guthrie Street, 9",Private,Private,18,Planning Consent,0,0,18,0
"Camphill Road, 65, Land To South",Private,Private,1,Planning Consent,0,0,0,0
"Lauderdale Avenue, 88, Garden Ground To South",Private,Private,1,Planning Consent,0,0,0,0
"Elliot Road, Mains Of Balgay",Private,Private,5,Planning Consent,0,0,5,0
"Hilltown, 114, Mosque",Private,Private,5,Planning Consent,0,0,5,0
"Candle Lane, 9-11",Hillcrest Ha,RSL,24,Under Construction,24,0,0,0
"Candle Lane, 3-7",Murrayfield Properties Ltd,Private,8,Planning Consent,0,0,8,0
"Lochee Road, 142A",Private,Private,1,Under Construction,0,0,0,0
"Dykes Of Gray Road, South Of Mains Of Gray Farm",Private,Private,1,Planning Consent,0,0,0,0
Central Waterfront - Site 6 *,Dundee City Council,Private,99,Under Construction,0,0,0,50
"Summerfield Avenue At Summerfield Gardens, Land To West",Invertay Homes,Private,34,Under Construction,0,15,19,0
"Summerfield Avenue At Summerfield Gardens, Land To West",Invertay Homes,Private,8,Under Construction,8,0,0,0
"Donalds Lane, Site Of Former 6",H & H Properties Ltd,Private,4,Planning Consent,0,4,0,0
"High Street, Lochee, Site Of Weavers Village",Hillcrest Ha,RSL,14,Consent Expired,0,0,0,0
"Bell Street, 86, Unit 1, India Buildings",Private,Private,1,Planning Consent,0,0,0,0
"Bell Street, 46 & 50",Private,Private,1,Planning Consent,0,0,0,0
"Bell Street, 86, Unit 2, India Buildings",Pavillion Properties Ltd,Private,1,Planning Consent,0,0,0,0
"Perth Road, 381, Garden Ground To East",Private,Private,1,Planning Consent,0,0,0,0
"Nethergate, 32",Private,Private,2,Planning Consent,0,0,0,0
"Bell Street, 86, India Buildings, 2, Upper Ground Floor",Pavillion Properties Ltd,Private,1,Planning Consent,0,0,0,0
"Bell Street, 86, India Buildings, 2, Lower Ground Floor",Pavillion Properties Ltd,Private,1,Planning Consent,0,0,0,0
"Dickson Avenue, The Rock",Rock Developments (Scotland) Ltd,Private,16,Planning Consent,0,8,8,0
"Nethergate, 172, Caird Rest",Private,Private,5,Planning Consent,0,5,0,0
"Dundee Road, 69, Woodcroft",Private,Private,1,Planning Consent,0,0,0,0
"Kinghorne Road, 119A, The High Kirk",David Gray Construction Ltd,Private,8,Planning Consent,0,8,0,0
"Bell Street, 86, Ug Floor, India Buildings",Pavillion Properties Ltd,Private,1,Planning Consent,0,0,0,0
"Cleghorn Street, 25A",Private,Private,1,Planning Consent,0,0,0,0
"Strathern Road, 32, Garden Ground",Private,Private,1,Under Construction,0,0,0,0
"Shepherds Loan, Land South Of Stephens Yard",Private,Private,2,Planning Consent,0,0,0,0
"Broughty Ferry Road, 208",Private,Private,2,Planning Consent,0,0,0,0
"Daniel Terrace, 2",Private,Private,2,Planning Consent,0,0,0,0
"Kingsway, 74, Garden Ground",Private,Private,1,Planning Consent,0,0,0,0
"Gotterstone Drive, 61",Private,Private,1,Planning Consent,0,0,0,0
"Whitfield Drive, South, Site Of Whitfield Primary School",Angus Ha,Housing Association,18,Planning Consent,0,0,18,0
"Whitfield Drive, North, Site Of Whitfield Primary School",George Martin,Private,30,Planning Consent,0,0,0,15
"Burnside Street, 6-10, Site Of",Private,Private,2,Under Construction,0,0,0,0
"Whitehall Crescent, 3",Joup Property Ltd,Private,14,Planning Consent,14,0,0,0
"Esplanade, Former Jacques Nightclub",Gl Residential,Private,11,Site Complete,0,0,0,0
"Claverhouse Old Road, Land To East Of 1",Riverview Construction Ltd,Private,4,Site Complete,0,0,0,0
"Raglan Street, 5",Jf Kegs,RSL,16,Site Complete,0,0,0,0
"Strathmartine Road, 347-349",Private,Private,1,Site Complete,0,0,0,0
